<?xml version="1.0" encoding="UTF-8"?>
<project-private xmlns="http://www.netbeans.org/ns/project-private/1">
    <editor-bookmarks xmlns="http://www.netbeans.org/ns/editor-bookmarks/2" lastBookmarkId="0"/>
    <open-files xmlns="http://www.netbeans.org/ns/projectui-open-files/2">
        <group>
            <file>file:/C:/xampp/htdocs/ex1/curt.php</file>
            <file>file:/C:/xampp/htdocs/ex1/index.php</file>
            <file>file:/C:/xampp/htdocs/ex1/log.php</file>
            <file>file:/C:/xampp/htdocs/ex1/save.php</file>
            <file>file:/C:/xampp/htdocs/ex1/item.php</file>
            <file>file:/C:/xampp/htdocs/ex1/register.php</file>
            <file>file:/C:/xampp/htdocs/ex1/purchase.php</file>
            <file>file:/C:/xampp/htdocs/ex1/welcome.php</file>
        </group>
    </open-files>
</project-private>
